PuzzleId,FEN,Moves,Rating,RatingDeviation,Popularity,NbPlays,Themes,GameUrl,OpeningTags
TRAIN1,6k1/p4ppp/8/8/8/8/5PPP/4R1K1 b - - 0 1,a7a6 e1e8,700,80,100,0,mateIn1 backRankMate endgame,,
TRAIN2,7k/p4ppp/8/8/8/8/5PPP/3R2K1 b - - 0 1,a7a6 d1d8,720,80,100,0,mateIn1 backRankMate endgame,,
TRAIN3,6k1/p4ppp/8/8/8/8/5PPP/3Q2K1 b - - 0 1,a7a6 d1d8,760,80,100,0,mateIn1 backRankMate queenEndgame,,
TRAIN4,6rk/p5pp/8/6N1/8/8/8/6K1 b - - 0 1,a7a6 g5f7,1200,80,100,0,mateIn1 smotheredMate knightEndgame,,
TRAIN5,6k1/p4ppp/8/8/8/8/5PPP/2R3K1 b - - 0 1,a7a6 c1c8,700,80,100,0,mateIn1 backRankMate endgame,,
TRAIN6,6k1/p4ppp/8/8/8/8/5PPP/1R4K1 b - - 0 1,a7a6 b1b8,710,80,100,0,mateIn1 backRankMate endgame,,
TRAIN7,7k/p4ppp/8/8/8/8/5PPP/4Q1K1 b - - 0 1,a7a6 e1e8,780,80,100,0,mateIn1 backRankMate queenEndgame,,
TRAIN8,6k1/p4ppp/8/8/8/8/5PPP/2Q3K1 b - - 0 1,a7a6 c1c8,770,80,100,0,mateIn1 backRankMate queenEndgame,,
TRAIN9,6k1/p4ppp/8/8/8/8/5PPP/3R2K1 b - - 0 1,a7a6 d1d8,705,80,100,0,mateIn1 backRankMate endgame,,
